<?xml version="1.0" encoding="UTF-8"?>
<!DOCTYPE suite SYSTEM "http://testng.org/testng-1.0.dtd">

<suite name="paralleltesting" parallel="tests">

	<test name="FirefoxTest">
	<parameter name="browser" value="FF" />
		<classes>
			<class name="parameterization.CrossBrowserTest" />
		</classes>
	</test>


	<test name="ChromeTest">
	<parameter name="browser" value="CH" />
		<classes>
			<class name="parameterization.CrossBrowserTest" />
		</classes>
	</test>


	<test name="IETest">
	<parameter name="browser" value="IE" />
		<classes>
			<class name="parameterization.CrossBrowserTest" />
		</classes>
	</test>


</suite>