<?xml version="1.0" encoding="UTF-8"?>
<con:soapui-project id="3c992109-30e7-4536-a92e-bd9380ea33e1" activeEnvironment="Default" name="REST Project 1" resourceRoot="" soapui-version="5.4.0" abortOnError="false" runType="SEQUENTIAL" xmlns:con="http://eviware.com/soapui/config"><con:settings/><con:interface xsi:type="con:RestService" id="2c2cd374-e33c-4c03-b02a-37582d3663b4" wadlVersion="http://wadl.dev.java.net/2009/02" name="https://reqres.in" type="rest" xmlns:xsi="http://www.w3.org/2001/XMLSchema-instance"><con:settings/><con:definitionCache type="TEXT" rootPart=""/><con:endpoints><con:endpoint>https://reqres.in</con:endpoint></con:endpoints><con:resource name="Users" path="/api/users" id="aec94d29-a449-4e36-ba70-7d72f04c23c5"><con:settings/><con:parameters><con:parameter><con:name>page</con:name><con:value>2</con:value><con:style>QUERY</con:style><con:default>2</con:default><con:path xsi:nil="true"/><con:description xsi:nil="true"/></con:parameter></con:parameters><con:method name="Users 1" id="469a9570-5f36-423f-a405-187ab65e970d" method="GET"><con:settings/><con:parameters/><con:representation type="RESPONSE"><con:mediaType>application/json; charset=utf-8</con:mediaType><con:status>200</con:status><con:params/><con:element xmlns:user="https://reqres.in/api/users">user:Response</con:element></con:representation><con:request name="Request 1" id="a8ca1bdf-738d-41ca-8f6c-2ff6e6f2a33c" mediaType="application/json"><con:settings><con:setting id="com.eviware.soapui.impl.wsdl.WsdlRequest@request-headers">&lt;xml-fragment/></con:setting></con:settings><con:endpoint>https://reqres.in</con:endpoint><con:request/><con:originalUri>https://reqres.in/api/users</con:originalUri><con:credentials><con:authType>No Authorization</con:authType></con:credentials><con:jmsConfig JMSDeliveryMode="PERSISTENT"/><con:jmsPropertyConfig/><con:parameters><entry key="page" value="2" xmlns="http://eviware.com/soapui/config"/></con:parameters><con:parameterOrder><con:entry>page</con:entry></con:parameterOrder></con:request></con:method></con:resource></con:interface><con:testSuite id="3c6c9a75-cb9f-468a-b1ec-2b45a29588c6" name="https://reqres.in TestSuite"><con:description>TestSuite generated for REST Service [https://reqres.in]</con:description><con:settings/><con:runType>SEQUENTIAL</con:runType><con:testCase id="2fe98422-4482-4e62-bba1-9171b1c48f12" failOnError="true" failTestCaseOnErrors="true" keepSession="false" maxResults="0" name="Users TestCase" searchProperties="true"><con:description>TestCase generated for REST Resource [Users] located at [/api/users]</con:description><con:settings/><con:testStep type="restrequest" name="Request 1" id="5ab486b2-1db9-442d-96f1-c205ee7a4ab4"><con:settings/><con:config service="https://reqres.in" resourcePath="/api/users" methodName="Users 1" xsi:type="con:RestRequestStep" xmlns:xsi="http://www.w3.org/2001/XMLSchema-instance"><con:restRequest name="Request 1" id="a8ca1bdf-738d-41ca-8f6c-2ff6e6f2a33c" mediaType="application/json"><con:settings><con:setting id="com.eviware.soapui.impl.wsdl.WsdlRequest@request-headers">&lt;xml-fragment/></con:setting></con:settings><con:endpoint>https://reqres.in</con:endpoint><con:request/><con:originalUri>https://reqres.in/api/users</con:originalUri><con:assertion type="JsonPath Count" id="c2f3e460-57c3-4ade-8024-8dff8ec5af63" name="JsonPath Count"><con:configuration><path>.data[0].first_name</path><content>1</content><allowWildcards>false</allowWildcards><ignoreNamspaceDifferences>false</ignoreNamspaceDifferences><ignoreComments>false</ignoreComments></con:configuration></con:assertion><con:assertion type="JsonPath Match" id="b2c1270d-c0ea-486d-a294-1a237f79a728" name="JsonPath Match"><con:configuration><path>.data[0].first_name</path><content>Eve</content><allowWildcards>false</allowWildcards><ignoreNamspaceDifferences>false</ignoreNamspaceDifferences><ignoreComments>false</ignoreComments></con:configuration></con:assertion><con:assertion type="JsonPath Existence Match" id="c52e3829-1b7b-47f2-ad3f-1c3b5a07d8b9" name="JsonPath Existence Match"><con:configuration><path>.data[0].first_name</path><content>true</content><allowWildcards>false</allowWildcards><ignoreNamspaceDifferences>false</ignoreNamspaceDifferences><ignoreComments>false</ignoreComments></con:configuration></con:assertion><con:assertion type="JsonPath RegEx Match" id="230a8d17-ac80-4748-8acc-22ce942d5362" name="JsonPath RegEx Match"><con:configuration><path>.data[1].first_name</path><content>true</content><allowWildcards>false</allowWildcards><ignoreNamspaceDifferences>false</ignoreNamspaceDifferences><ignoreComments>false</ignoreComments><regEx>.*Char.*</regEx></con:configuration></con:assertion><con:assertion type="GroovyScriptAssertion" id="418fb15b-d927-41b7-8349-95faff4f31d7" name="Script Assertion"><con:configuration><scriptText>//get json response
import groovy.json.JsonSlurper
def responseMessage = messageExchange.response.responseContent
def json = new JsonSlurper().parseText(responseMessage)

//assert node values
log.info json.data[2].first_name

assert json.data[2].first_name!= null
json.data[2].first_name =="Tracey"
</scriptText></con:configuration></con:assertion><con:credentials><con:authType>No Authorization</con:authType></con:credentials><con:jmsConfig JMSDeliveryMode="PERSISTENT"/><con:jmsPropertyConfig/><con:parameters><entry key="page" value="2" xmlns="http://eviware.com/soapui/config"/></con:parameters><con:parameterOrder><con:entry>page</con:entry></con:parameterOrder></con:restRequest></con:config></con:testStep><con:properties/></con:testCase><con:properties/></con:testSuite><con:properties/><con:wssContainer/><con:oAuth2ProfileContainer/><con:oAuth1ProfileContainer/></con:soapui-project>